"Category","Map","Region","Time","Method_or_Pool","Min_Level","Max_Level","Rate_A","Species_A","Rate_B","Species_B","Rate_C","Species_C","Rate_D","Species_D"
"Standard","MAP_BLACKTHORN_CITY_HNS","","Any","Fishing","59","62","30","SEADRA","30","WHISCASH","30","CRAWDAUNT","10","DRATINI"
"Standard","MAP_BLACKTHORN_CITY_HNS","","Any","Land","59","62","30","VILEPLUME","30","SNORLAX","30","ELECTIVIRE","10","KINGAMBIT"
"Standard","MAP_BLACKTHORN_CITY_HNS","","Any","Surf","59","62","30","SEADRA","30","DRAGONAIR","30","GYARADOS","10","MILOTIC"
"Standard","MAP_BURNED_TOWER_1F_HNS","","Day","Land","33","36","30","CETODDLE","30","TORKOAL","30","ORICORIO_BAILE","10","CYNDAQUIL"
"Standard","MAP_BURNED_TOWER_1F_HNS","","Night","Land","33","36","30","BOMBIRDIER","30","SALANDIT","30","PHANTUMP","10","TORCHIC"
"Standard","MAP_BURNED_TOWER_B1F_HNS","","Day","Land","34","37","30","INDEEDEE_M","30","ORANGURU","30","RATTATA","10","CHIMCHAR"
"Standard","MAP_BURNED_TOWER_B1F_HNS","","Night","Land","34","37","30","MIMIKYU_DISGUISED","30","SKORUPI","30","HONEDGE","10","LITTEN"
"Standard","MAP_CELADON_CITY_HNS","","Any","Fishing","70","84","30","TENTACRUEL","30","GOLISOPOD","30","BASCULEGION_M","10","WALREIN"
"Standard","MAP_CELADON_CITY_HNS","","Any","Land","70","84","30","REUNICLUS","30","BLISSEY","30","FLORGES_RED","10","URSALUNA"
"Standard","MAP_CELADON_CITY_HNS","","Any","Surf","70","84","30","WAILORD","30","GOLISOPOD","30","BASCULEGION_M","10","WALREIN"
"Standard","MAP_CERULEAN_CAVE_1F_HNS","","Day","Fishing","85","95","30","TYMPOLE","30","BINACLE","30","DREDNAW","10","LAPRAS"
"Standard","MAP_CERULEAN_CAVE_1F_HNS","","Day","Land","85","95","30","SALAMENCE","30","HYDREIGON","30","DRAGAPULT","10","GOODRA"
"Standard","MAP_CERULEAN_CAVE_1F_HNS","","Day","Rock Smash","85","95","30","DONPHAN","30","GIGALITH","30","CONKELDURR","10","AGGRON"
"Standard","MAP_CERULEAN_CAVE_1F_HNS","","Day","Surf","85","95","30","SKRELP","30","MAREANIE","30","CLAUNCHER","10","TENTACRUEL"
"Standard","MAP_CERULEAN_CAVE_B1F_HNS","","Day","Fishing","85","95","30","CHEWTLE","30","FINIZEN","30","TYMPOLE","10","LAPRAS"
"Standard","MAP_CERULEAN_CAVE_B1F_HNS","","Day","Land","85","95","30","DUSKNOIR","30","HAXORUS","30","URSALUNA","10","BAXCALIBUR"
"Standard","MAP_CERULEAN_CAVE_B1F_HNS","","Day","Rock Smash","85","95","30","COPPERAJAH","30","BEWEAR","30","MUDSDALE","10","VIKAVOLT"
"Standard","MAP_CERULEAN_CAVE_B1F_HNS","","Day","Surf","85","95","30","LUMINEON","30","SHARPEDO","30","RELICANTH","10","TENTACRUEL"
"Standard","MAP_CERULEAN_CAVE_B2F_HNS","","Day","Fishing","85","95","30","PELIPPER","30","PALAFIN_ZERO","30","DREDNAW","10","LAPRAS"
"Standard","MAP_CERULEAN_CAVE_B2F_HNS","","Day","Land","85","95","30","CHANDELURE","30","METAGROSS","30","SALAMENCE","10","DRAGONITE"
"Standard","MAP_CERULEAN_CAVE_B2F_HNS","","Day","Rock Smash","85","95","30","HIPPOWDON","30","KLEAVOR","30","GARGANACL","10","KLINKLANG"
"Standard","MAP_CERULEAN_CAVE_B2F_HNS","","Day","Surf","85","95","30","CORSOLA","30","ARAQUANID","30","WUGTRIO","10","TATSUGIRI_CURLY"
"Standard","MAP_CERULEAN_CITY_HNS","","Any","Fishing","70","84","30","FLOATZEL","30","CLAWITZER","30","BARBARACLE","10","SEISMITOAD"
"Standard","MAP_CERULEAN_CITY_HNS","","Any","Surf","70","84","30","TOXAPEX","30","BARRASKEWDA","30","TENTACRUEL","10","WALREIN"
"Standard","MAP_CHERRYGROVE_CITY_HNS","","Any","Fishing","3","6","30","MAGIKARP","30","GOLDEEN","30","BARBOACH","10","FEEBAS"
"Standard","MAP_CHERRYGROVE_CITY_HNS","","Any","Land","3","6","30","TADBULB","30","VOLTORB","30","DITTO","10","ZUBAT"
"Standard","MAP_CHERRYGROVE_CITY_HNS","","Any","Surf","3","6","30","MAGIKARP","30","GOLDEEN","30","WOOPER","10","POLIWAG"
"Standard","MAP_CIANWOOD_CITY_HNS","","Any","Fishing","41","44","30","CLAUNCHER","30","RELICANTH","30","SKRELP","10","FROAKIE"
"Standard","MAP_CIANWOOD_CITY_HNS","","Any","Land","41","44","30","GOTHITA","30","LITLEO","30","GLOOM","10","EELEKTRIK"
"Standard","MAP_CIANWOOD_CITY_HNS","","Any","Surf","41","44","30","TENTACOOL","30","WINGULL","30","CLAUNCHER","10","POPPLIO"
"Standard","MAP_CINNABAR_ISLAND_HNS","","Any","Fishing","70","84","30","WAILORD","30","BARBARACLE","30","BASCULEGION_M","10","GOLISOPOD"
"Standard","MAP_CINNABAR_ISLAND_HNS","","Any","Land","70","84","30","HIPPOWDON","30","NOIVERN","30","AGGRON","10","RHYPERIOR"
"Standard","MAP_CINNABAR_ISLAND_HNS","","Any","Surf","70","84","30","FLOATZEL","30","TOXAPEX","30","CLAWITZER","10","SEISMITOAD"
"Standard","MAP_CLIFF_EDGE_CAVE_HNS","","Day","Land","46","49","30","GIMMIGHOUL_CHEST","30","AXEW","30","MISDREAVUS","10","GOLETT"
"Standard","MAP_CLIFF_EDGE_CAVE_HNS","","Day","Rock Smash","46","49","30","SAWK","30","SILCOON","30","TIMBURR","10","SANDYGAST"
"Standard","MAP_CLIFF_EDGE_GATE_HNS","","Day","Fishing","45","47","30","CORSOLA","30","SEALEO","30","LUMINEON","10","CRAMORANT"
"Standard","MAP_CLIFF_EDGE_GATE_HNS","","Day","Surf","45","47","30","PALPITOAD","30","ARAQUANID","30","WUGTRIO","10","PALAFIN_ZERO"
"Standard","MAP_DARK_CAVE_NORTH_SIDE_HNS","","Any","Fishing","64","66","30","AZUMARILL","30","TATSUGIRI_CURLY","30","MILOTIC","10","GYARADOS"
"Standard","MAP_DARK_CAVE_NORTH_SIDE_HNS","","Any","Land","64","66","30","LUCARIO","30","GHOLDENGO","30","MAMOSWINE","10","KINGAMBIT"
"Standard","MAP_DARK_CAVE_NORTH_SIDE_HNS","","Any","Rock Smash","64","66","30","VIVILLON_MEADOW","30","LUCARIO","30","VOLCARONA","10","KINGAMBIT"
"Standard","MAP_DARK_CAVE_NORTH_SIDE_HNS","","Any","Surf","64","66","30","AZUMARILL","30","LAPRAS","30","MILOTIC","10","GYARADOS"
"Standard","MAP_DARK_CAVE_SOUTH_SIDE_HNS","","Day","Fishing","7","11","30","MAGIKARP","30","BARBOACH","30","CORPHISH","10","CHINCHOU"
"Standard","MAP_DARK_CAVE_SOUTH_SIDE_HNS","","Day","Land","7","11","30","ZUBAT","30","GEODUDE","30","ROGGENROLA","10","NOIBAT"
"Standard","MAP_DARK_CAVE_SOUTH_SIDE_HNS","","Day","Rock Smash","7","11","30","CATERPIE","30","SCATTERBUG","30","PARAS","10","MACHOP"
"Standard","MAP_DARK_CAVE_SOUTH_SIDE_HNS","","Day","Surf","7","11","30","WOOPER","30","BARBOACH","30","POLIWAG","10","CHINCHOU"
"Standard","MAP_DIGLETTS_CAVE_TUNNEL_HNS","","Any","Fishing","70","84","30","BARRASKEWDA","30","TENTACRUEL","30","GOLISOPOD","10","WALREIN"
"Standard","MAP_DIGLETTS_CAVE_TUNNEL_HNS","","Any","Land","70","84","30","MISMAGIUS","30","CHANDELURE","30","MAGNEZONE","10","HYDRAPPLE"
"Standard","MAP_DIGLETTS_CAVE_TUNNEL_HNS","","Any","Rock Smash","70","84","30","CENTISKORCH","30","GLISCOR","30","GARGANACL","10","ANNIHILAPE"
"Standard","MAP_DIGLETTS_CAVE_TUNNEL_HNS","","Any","Surf","70","84","30","WAILORD","30","CLAWITZER","30","BARBARACLE","10","BASCULEGION_M"
"Standard","MAP_DRAGONS_DEN_CAVERN_HNS","","Any","Fishing","60","63","30","DRATINI","30","AZUMARILL","30","MILOTIC","10","GYARADOS"
"Standard","MAP_DRAGONS_DEN_CAVERN_HNS","","Any","Surf","60","63","30","DRACOVISH","30","DONDOZO","30","MILOTIC","10","GYARADOS"
"Standard","MAP_ECRUTEAK_CITY_HNS","","Any","Fishing","34","37","30","FEEBAS","30","RELICANTH","30","STARYU","10","SOBBLE"
"Standard","MAP_ECRUTEAK_CITY_HNS","","Any","Land","34","37","30","COMFEY","30","SOLOSIS","30","PORYGON","10","JYNX"
"Standard","MAP_ECRUTEAK_CITY_HNS","","Any","Surf","34","37","30","FEEBAS","30","STARYU","30","FINNEON","10","QUAXLY"
"Standard","MAP_FUCHSIA_CITY_HNS","","Any","Fishing","70","84","30","FLOATZEL","30","TOXAPEX","30","BARRASKEWDA","10","SEISMITOAD"
"Standard","MAP_FUCHSIA_CITY_HNS","","Any","Land","70","84","30","WYRDEER","30","GLIMMORA","30","PORYGON_Z","10","FLORGES_RED"
"Standard","MAP_FUCHSIA_CITY_HNS","","Any","Surf","70","84","30","TENTACRUEL","30","GOLISOPOD","30","BASCULEGION_M","10","WALREIN"
"Standard","MAP_ICE_PATH_1F_HNS","","Any","Land","58","60","30","PILOSWINE","30","FROSLASS","30","BEARTIC","10","FRIGIBAX"
"Standard","MAP_ICE_PATH_B1F_HNS","","Any","Land","58","61","30","SNOVER","30","GLALIE","30","SNEASEL","10","WEAVILE"
"Standard","MAP_ICE_PATH_B2F_HNS","","Any","Land","59","61","30","PILOSWINE","30","CETITAN","30","CRYOGONAL","10","MAMOSWINE"
"Standard","MAP_ICE_PATH_B3F_HNS","","Any","Land","59","62","30","FRIGIBAX","30","VANILLISH","30","FROSMOTH","10","BAXCALIBUR"
"Standard","MAP_ICE_PATH_B4F_HNS","","Any","Land","60","62","30","FROSLASS","30","MAMOSWINE","30","GLALIE","10","BAXCALIBUR"
"Standard","MAP_ILEX_FOREST_HNS","","Any","Fishing","24","27","30","SKRELP","30","FINNEON","30","OMANYTE","10","MANTYKE"
"Standard","MAP_ILEX_FOREST_HNS","","Day","Land","24","27","30","LARVESTA","30","WEEDLE","30","SEWADDLE","10","BULBASAUR"
"Standard","MAP_ILEX_FOREST_HNS","","Night","Land","24","27","30","SPINARAK","30","VENONAT","30","JOLTIK","10","PINSIR"
"Standard","MAP_ILEX_FOREST_HNS","","Any","Surf","24","27","30","MAREANIE","30","TYMPOLE","30","CORPHISH","10","SQUIRTLE"
"Standard","MAP_LAKE_OF_RAGE_HNS","","Day","Fishing","53","55","30","GASTRODON_WEST","30","OCTILLERY","30","DREDNAW","10","DRACOVISH"
"Standard","MAP_LAKE_OF_RAGE_HNS","","Day","Surf","53","55","30","TATSUGIRI_CURLY","30","GASTRODON_WEST","30","OCTILLERY","10","DREDNAW"
"Standard","MAP_MT_MOON_CAVE_HNS","","Any","Fishing","70","84","30","WAILORD","30","CLAWITZER","30","BARBARACLE","10","SEISMITOAD"
"Standard","MAP_MT_MOON_CAVE_HNS","","Any","Land","70","84","30","ZOROARK","30","DIPPLIN","30","DUSKNOIR","10","URSALUNA"
"Standard","MAP_MT_MOON_CAVE_HNS","","Any","Rock Smash","70","84","30","FERROTHORN","30","COALOSSAL","30","AEGISLASH_SHIELD","10","KLINKLANG"
"Standard","MAP_MT_MOON_CAVE_HNS","","Any","Surf","70","84","30","FLOATZEL","30","TOXAPEX","30","BARRASKEWDA","10","TENTACRUEL"
"Standard","MAP_MT_MORTAR_1F_NORTH_HNS","","Any","Fishing","52","55","30","GASTRODON_WEST","30","OCTILLERY","30","DREDNAW","10","DONDOZO"
"Standard","MAP_MT_MORTAR_1F_NORTH_HNS","","Any","Land","52","55","30","CYCLIZAR","30","TURTONATOR","30","AERODACTYL","10","SPRIGATITO"
"Standard","MAP_MT_MORTAR_1F_NORTH_HNS","","Any","Rock Smash","52","55","30","GALVANTULA","30","GOLURK","30","CRUSTLE","10","FROSMOTH"
"Standard","MAP_MT_MORTAR_1F_NORTH_HNS","","Any","Surf","52","55","30","GASTRODON_WEST","30","OCTILLERY","30","DREDNAW","10","DRACOVISH"
"Standard","MAP_MT_MORTAR_1F_SOUTH_HNS","","Any","Fishing","52","54","30","TATSUGIRI_CURLY","30","OCTILLERY","30","DREDNAW","10","DRACOVISH"
"Standard","MAP_MT_MORTAR_1F_SOUTH_HNS","","Any","Land","52","54","30","FLAMIGO","30","GASTRODON_WEST","30","PALOSSAND","10","FUECOCO"
"Standard","MAP_MT_MORTAR_1F_SOUTH_HNS","","Any","Rock Smash","52","54","30","PINSIR","30","CRABOMINABLE","30","PALOSSAND","10","GRAPPLOCT"
"Standard","MAP_MT_MORTAR_1F_SOUTH_HNS","","Any","Surf","52","54","30","SPHEAL","30","SHELLOS_WEST","30","DREDNAW","10","DONDOZO"
"Standard","MAP_MT_MORTAR_2F_HNS","","Any","Fishing","53","55","30","TYMPOLE","30","DREDNAW","30","OCTILLERY","10","TATSUGIRI_CURLY"
"Standard","MAP_MT_MORTAR_2F_HNS","","Any","Land","53","55","30","SHUCKLE","30","HAWLUCHA","30","GOLURK","10","CRUSTLE"
"Standard","MAP_MT_MORTAR_2F_HNS","","Any","Rock Smash","53","55","30","MASQUERAIN","30","LAIRON","30","FROSMOTH","10","RABSCA"
"Standard","MAP_MT_MORTAR_2F_HNS","","Any","Surf","53","55","30","SKRELP","30","MAREANIE","30","BINACLE","10","DRACOVISH"
"Standard","MAP_MT_MORTAR_B1F_HNS","","Any","Fishing","53","55","30","CHEWTLE","30","TYMPOLE","30","DREDNAW","10","OCTILLERY"
"Standard","MAP_MT_MORTAR_B1F_HNS","","Any","Land","53","55","30","RIOLU","30","HERACROSS","30","DRAMPA","10","CRABOMINABLE"
"Standard","MAP_MT_MORTAR_B1F_HNS","","Any","Rock Smash","53","55","30","VIBRAVA","30","CAMERUPT","30","GALVANTULA","10","RABSCA"
"Standard","MAP_MT_MORTAR_B1F_HNS","","Any","Surf","53","55","30","FINIZEN","30","GASTRODON_WEST","30","DREDNAW","10","DRACOVISH"
"Standard","MAP_MT_SILVER_1F_ITEM_ROOM_HNS","","Any","Fishing","73","77","30","TYMPOLE","30","SHELLOS_WEST","30","BARBOACH","10","CHEWTLE"
"Standard","MAP_MT_SILVER_1F_ITEM_ROOM_HNS","","Any","Land","73","77","30","TYRANITAR","30","METAGROSS","30","GOODRA","10","BAXCALIBUR"
"Standard","MAP_MT_SILVER_1F_ITEM_ROOM_HNS","","Any","Rock Smash","73","77","30","TYRANITAR","30","ARCHALUDON","30","METAGROSS","10","KOMMO_O"
"Standard","MAP_MT_SILVER_1F_ITEM_ROOM_HNS","","Any","Surf","73","77","30","SKRELP","30","MAREANIE","30","BINACLE","10","CRAMORANT"
"Standard","MAP_MT_SILVER_1F_MOLTRES_ROOM_HNS","","Any","Fishing","74","78","30","CHEWTLE","30","FINIZEN","30","TYMPOLE","10","BRUXISH"
"Standard","MAP_MT_SILVER_1F_MOLTRES_ROOM_HNS","","Any","Land","74","78","30","TYRANITAR","30","ARCHALUDON","30","GOODRA","10","BAXCALIBUR"
"Standard","MAP_MT_SILVER_1F_MOLTRES_ROOM_HNS","","Any","Rock Smash","74","78","30","VOLCARONA","30","TYRANITAR","30","ARCHALUDON","10","METAGROSS"
"Standard","MAP_MT_SILVER_1F_MOLTRES_ROOM_HNS","","Any","Surf","74","78","30","CRAWDAUNT","30","SEADRA","30","WUGTRIO","10","WHISCASH"
"Standard","MAP_MT_SILVER_1F_WATERFALL_ROOM_HNS","","Any","Fishing","74","78","30","WAILMER","30","SEALEO","30","LUMINEON","10","SHARPEDO"
"Standard","MAP_MT_SILVER_1F_WATERFALL_ROOM_HNS","","Any","Land","74","78","30","HYDREIGON","30","GOODRA","30","DRAGAPULT","10","BAXCALIBUR"
"Standard","MAP_MT_SILVER_1F_WATERFALL_ROOM_HNS","","Any","Rock Smash","74","78","30","TYRANITAR","30","METAGROSS","30","GARCHOMP","10","KOMMO_O"
"Standard","MAP_MT_SILVER_1F_WATERFALL_ROOM_HNS","","Any","Surf","74","78","30","PALPITOAD","30","ARAQUANID","30","GASTRODON_WEST","10","PALAFIN_ZERO"
"Standard","MAP_MT_SILVER_2F_HNS","","Day","Fishing","77","81","30","MARILL","30","CORSOLA","30","POLIWHIRL","10","AZUMARILL"
"Standard","MAP_MT_SILVER_2F_HNS","","Day","Land","77","81","30","DRAGONITE","30","SALAMENCE","30","HYDREIGON","10","GARCHOMP"
"Standard","MAP_MT_SILVER_2F_HNS","","Day","Rock Smash","77","81","30","VOLCARONA","30","TYRANITAR","30","ARCHALUDON","10","METAGROSS"
"Standard","MAP_MT_SILVER_2F_HNS","","Day","Surf","77","81","30","CARVANHA","30","CHEWTLE","30","VELUZA","10","LANTURN"
"Standard","MAP_MT_SILVER_3F_HNS","","Day","Fishing","80","84","30","SPHEAL","30","BARBOACH","30","CORPHISH","10","LUVDISC"
"Standard","MAP_MT_SILVER_3F_HNS","","Day","Land","80","84","30","HAXORUS","30","GOODRA","30","DRAGAPULT","10","BAXCALIBUR"
"Standard","MAP_MT_SILVER_3F_HNS","","Day","Rock Smash","80","84","30","TYRANITAR","30","ARCHALUDON","30","GARCHOMP","10","KOMMO_O"
"Standard","MAP_MT_SILVER_3F_HNS","","Day","Surf","80","84","30","SHELLOS_WEST","30","BUIZEL","30","FINNEON","10","CRAMORANT"
"Standard","MAP_MT_SILVER_MOUNTAIN_SIDE_HNS","","Any","Fishing","76","80","30","TYMPOLE","30","BARBOACH","30","TIRTOUGA","10","MANTYKE"
"Standard","MAP_MT_SILVER_MOUNTAIN_SIDE_HNS","","Any","Land","76","80","30","DRAGONITE","30","SALAMENCE","30","HYDREIGON","10","GOODRA"
"Standard","MAP_MT_SILVER_MOUNTAIN_SIDE_HNS","","Any","Rock Smash","76","80","30","SCYTHER","30","PINSIR","30","VOLCARONA","10","METAGROSS"
"Standard","MAP_MT_SILVER_MOUNTAIN_SIDE_HNS","","Any","Surf","76","80","30","SKRELP","30","CLAUNCHER","30","BINACLE","10","CRAMORANT"
"Standard","MAP_MT_SILVER_OUTSIDE_HNS","","Any","Fishing","72","76","30","MAREANIE","30","TYMPOLE","30","BARBOACH","10","BRUXISH"
"Standard","MAP_MT_SILVER_OUTSIDE_HNS","","Any","Land","72","76","30","LARVITAR","30","TYRANITAR","30","DRAGAPULT","10","BAXCALIBUR"
"Standard","MAP_MT_SILVER_OUTSIDE_HNS","","Any","Rock Smash","72","76","30","RIBOMBEE","30","ARCHALUDON","30","GARCHOMP","10","KOMMO_O"
"Standard","MAP_MT_SILVER_OUTSIDE_HNS","","Any","Surf","72","76","30","CHEWTLE","30","FINIZEN","30","GASTRODON_WEST","10","CRAMORANT"
"Standard","MAP_MT_SILVER_SNOW_HNS","","Any","Fishing","78","82","30","CRAWDAUNT","30","SEADRA","30","PELIPPER","10","WHISCASH"
"Standard","MAP_MT_SILVER_SNOW_HNS","","Any","Land","78","82","30","GLALIE","30","CRABOMINABLE","30","MAMOSWINE","10","BAXCALIBUR"
"Standard","MAP_MT_SILVER_SNOW_HNS","","Any","Surf","78","82","30","OMANYTE","30","KABUTO","30","WUGTRIO","10","SHARPEDO"
"Standard","MAP_NATIONAL_PARK_BUG_CONTEST_HNS","","Day","Land","26","29","30","PANCHAM","30","PAWNIARD","30","LILEEP","10","TURTWIG"
"Standard","MAP_NATIONAL_PARK_BUG_CONTEST_HNS","","Night","Land","26","29","30","FERROSEED","30","DWEBBLE","30","GLIMMET","10","ANORITH"
"Standard","MAP_NATIONAL_PARK_NORMAL_HNS","","Day","Land","26","29","30","NYMBLE","30","CUTIEFLY","30","GRUBBIN","10","TREECKO"
"Standard","MAP_NATIONAL_PARK_NORMAL_HNS","","Night","Land","26","29","30","VENONAT","30","JOLTIK","30","SIZZLIPEDE","10","PINSIR"
"Standard","MAP_NEW_BARK_TOWN_HNS","","Any","Fishing","2","5","30","MAGIKARP","30","GOLDEEN","30","BARBOACH","10","CORPHISH"
"Standard","MAP_NEW_BARK_TOWN_HNS","","Any","Land","2","5","30","PIDOVE","30","SMOLIV","30","HATENNA","10","TYNAMO"
"Standard","MAP_NEW_BARK_TOWN_HNS","","Any","Surf","2","5","30","MAGIKARP","30","WOOPER","30","POLIWAG","10","SURSKIT"
"Standard","MAP_OLIVINE_CITY_HNS","","Any","Fishing","40","43","30","TENTACOOL","30","RELICANTH","30","SHELLDER","10","WATTREL"
"Standard","MAP_OLIVINE_CITY_HNS","","Any","Land","40","43","30","BLITZLE","30","MUNCHLAX","30","VIGOROTH","10","MAGNEMITE"
"Standard","MAP_OLIVINE_CITY_HNS","","Any","Surf","40","43","30","WINGULL","30","TENTACOOL","30","CHINCHOU","10","HORSEA"
"Standard","MAP_OLIVINE_CITY_PORT_OUTSIDE_HNS","","Any","Fishing","40","44","30","BASCULIN_RED_STRIPED","30","POLIWHIRL","30","SEADRA","10","PALAFIN_ZERO"
"Standard","MAP_OLIVINE_CITY_PORT_OUTSIDE_HNS","","Any","Land","40","44","30","BERGMITE","30","PONYTA","30","MAGCARGO","10","SCORBUNNY"
"Standard","MAP_OLIVINE_CITY_PORT_OUTSIDE_HNS","","Any","Surf","40","44","30","OMANYTE","30","KABUTO","30","CORSOLA","10","LANTURN"
"Standard","MAP_PALLET_TOWN_HNS","","Day","Fishing","70","84","30","WAILORD","30","GOLISOPOD","30","BASCULEGION_M","10","WALREIN"
"Standard","MAP_PALLET_TOWN_HNS","","Day","Surf","70","84","30","FLOATZEL","30","CLAWITZER","30","BARBARACLE","10","SEISMITOAD"
"Standard","MAP_ROCK_TUNNEL_1F_HNS","","Any","Fishing","70","84","30","TOXAPEX","30","BARRASKEWDA","30","TENTACRUEL","10","WALREIN"
"Standard","MAP_ROCK_TUNNEL_1F_HNS","","Any","Land","70","84","30","HOUNDOOM","30","GALLADE","30","CHANDELURE","10","DUSKNOIR"
"Standard","MAP_ROCK_TUNNEL_1F_HNS","","Any","Rock Smash","70","84","30","TOEDSCRUEL","30","GLISCOR","30","CONKELDURR","10","AGGRON"
"Standard","MAP_ROCK_TUNNEL_1F_HNS","","Any","Surf","70","84","30","BARRASKEWDA","30","WAILORD","30","BASCULEGION_M","10","GOLISOPOD"
"Standard","MAP_ROCK_TUNNEL_B1F_HNS","","Any","Fishing","70","84","30","TOXAPEX","30","CLAWITZER","30","BARBARACLE","10","SEISMITOAD"
"Standard","MAP_ROCK_TUNNEL_B1F_HNS","","Any","Land","70","84","30","POLTEAGEIST","30","WEAVILE","30","NOIVERN","10","HYDRAPPLE"
"Standard","MAP_ROCK_TUNNEL_B1F_HNS","","Any","Rock Smash","70","84","30","MIENSHAO","30","GIGALITH","30","COALOSSAL","10","RHYPERIOR"
"Standard","MAP_ROCK_TUNNEL_B1F_HNS","","Any","Surf","70","84","30","FLOATZEL","30","TOXAPEX","30","BARRASKEWDA","10","TENTACRUEL"
"Standard","MAP_ROCKET_HIDEOUT_B1F_HNS","","Day","Land","54","55","30","BOLDORE","30","DUSCLOPS","30","BANETTE","10","TREVENANT"
"Standard","MAP_ROUTE1_HNS","","Any","Fishing","70","84","30","SHARPEDO","30","BARRASKEWDA","30","BASCULEGION_M","10","PALAFIN_ZERO"
"Standard","MAP_ROUTE1_HNS","","Day","Land","70","84","30","TYRANITAR","30","GARCHOMP","30","SALAMENCE","10","METAGROSS"
"Standard","MAP_ROUTE1_HNS","","Night","Land","70","84","30","HYDREIGON","30","DRAGAPULT","30","KINGAMBIT","10","GHOLDENGO"
"Standard","MAP_ROUTE1_HNS","","Any","Surf","70","84","30","GYARADOS","30","MILOTIC","30","DONDOZO","10","TENTACRUEL"
"Standard","MAP_ROUTE10_HNS","","Any","Fishing","70","84","30","FLOATZEL","30","GOLISOPOD","30","BASCULEGION_M","10","WALREIN"
"Standard","MAP_ROUTE10_HNS","","Day","Land","70","84","30","PYROAR","30","BRAVIARY","30","TANGROWTH","10","TSAREENA"
"Standard","MAP_ROUTE10_HNS","","Night","Land","70","84","30","MANDIBUZZ","30","OVERQWIL","30","SNEASLER","10","KROOKODILE"
"Standard","MAP_ROUTE10_HNS","","Any","Surf","70","84","30","WAILORD","30","CLAWITZER","30","BARBARACLE","10","SEISMITOAD"
"Standard","MAP_ROUTE11_HNS","","Any","Fishing","70","84","30","FLOATZEL","30","TOXAPEX","30","BARRASKEWDA","10","TENTACRUEL"
"Standard","MAP_ROUTE11_HNS","","Day","Land","70","84","30","NINETALES","30","TANGROWTH","30","HATTERENE","10","NOIVERN"
"Standard","MAP_ROUTE11_HNS","","Night","Land","70","84","30","SINISTCHA","30","OVERQWIL","30","KROOKODILE","10","ANNIHILAPE"
"Standard","MAP_ROUTE11_HNS","","Any","Surf","70","84","30","WAILORD","30","GOLISOPOD","30","BASCULEGION_M","10","WALREIN"
"Standard","MAP_ROUTE12_HNS","","Any","Fishing","70","84","30","FLOATZEL","30","CLAWITZER","30","BARBARACLE","10","SEISMITOAD"
"Standard","MAP_ROUTE12_HNS","","Day","Land","70","84","30","URSARING","30","ROSERADE","30","TALONFLAME","10","TINKATON"
"Standard","MAP_ROUTE12_HNS","","Night","Land","70","84","30","DRAPION","30","SINISTCHA","30","TOXTRICITY_AMPED","10","HONCHKROW"
"Standard","MAP_ROUTE12_HNS","","Any","Rock Smash","70","84","30","SANDACONDA","30","DONPHAN","30","HIPPOWDON","10","MAGNEZONE"
"Standard","MAP_ROUTE12_HNS","","Any","Surf","70","84","30","TOXAPEX","30","BARRASKEWDA","30","TENTACRUEL","10","WALREIN"
"Standard","MAP_ROUTE13_HNS","","Any","Fishing","70","84","30","WAILORD","30","BARBARACLE","30","BASCULEGION_M","10","GOLISOPOD"
"Standard","MAP_ROUTE13_HNS","","Day","Land","70","84","30","ABOMASNOW","30","WYRDEER","30","TALONFLAME","10","FLORGES_RED"
"Standard","MAP_ROUTE13_HNS","","Night","Land","70","84","30","REVAVROOM","30","ROSERADE","30","NIDOQUEEN","10","GLIMMORA"
"Standard","MAP_ROUTE13_HNS","","Any","Surf","70","84","30","FLOATZEL","30","TOXAPEX","30","CLAWITZER","10","SEISMITOAD"
"Standard","MAP_ROUTE14_HNS","","Any","Fishing","70","84","30","BARRASKEWDA","30","TENTACRUEL","30","GOLISOPOD","10","WALREIN"
"Standard","MAP_ROUTE14_HNS","","Day","Land","70","84","30","FERROTHORN","30","KILOWATTREL","30","ZEBSTRIKA","10","GALLADE"
"Standard","MAP_ROUTE14_HNS","","Night","Land","70","84","30","PANGORO","30","HONCHKROW","30","DRAGALGE","10","NIDOKING"
"Standard","MAP_ROUTE14_HNS","","Any","Surf","70","84","30","WAILORD","30","CLAWITZER","30","BARBARACLE","10","BASCULEGION_M"
"Standard","MAP_ROUTE15_HNS","","Any","Fishing","70","84","30","FLOATZEL","30","TOXAPEX","30","BARRASKEWDA","10","SEISMITOAD"
"Standard","MAP_ROUTE15_HNS","","Day","Land","70","84","30","SCOVILLAIN","30","TOEDSCRUEL","30","MAGMAR","10","LUXRAY"
"Standard","MAP_ROUTE15_HNS","","Night","Land","70","84","30","TOXICROAK","30","GOURGEIST","30","TOXTRICITY_AMPED","10","GRIMMSNARL"
"Standard","MAP_ROUTE15_HNS","","Any","Rock Smash","70","84","30","MUDSDALE","30","EXCADRILL","30","KLINKLANG","10","RHYPERIOR"
"Standard","MAP_ROUTE15_HNS","","Any","Surf","70","84","30","TENTACRUEL","30","GOLISOPOD","30","BASCULEGION_M","10","WALREIN"
"Standard","MAP_ROUTE16_HNS","","Any","Fishing","70","84","30","WAILORD","30","CLAWITZER","30","BARBARACLE","10","SEISMITOAD"
"Standard","MAP_ROUTE16_HNS","","Day","Land","70","84","30","BELLIBOLT","30","DIPPLIN","30","TOUCANNON","10","HYDRAPPLE"
"Standard","MAP_ROUTE16_HNS","","Night","Land","70","84","30","SCRAFTY","30","DRAPION","30","MANDIBUZZ","10","SNEASLER"
"Standard","MAP_ROUTE16_HNS","","Any","Surf","70","84","30","FLOATZEL","30","TOXAPEX","30","DRACOVISH","10","DONDOZO"
"Standard","MAP_ROUTE17_HNS","","Any","Fishing","70","84","30","RELICANTH","30","DREDNAW","30","BARRASKEWDA","10","TENTACRUEL"
"Standard","MAP_ROUTE17_HNS","","Day","Land","70","84","30","ELECTABUZZ","30","BRAVIARY","30","GLISCOR","10","TSAREENA"
"Standard","MAP_ROUTE17_HNS","","Night","Land","70","84","30","REVAVROOM","30","OVERQWIL","30","KROOKODILE","10","ANNIHILAPE"
"Standard","MAP_ROUTE17_HNS","","Any","Surf","70","84","30","BASCULIN_RED_STRIPED","30","TATSUGIRI_CURLY","30","ARCTOVISH","10","LAPRAS"
"Standard","MAP_ROUTE18_HNS","","Any","Fishing","70","84","30","OCTILLERY","30","GOLISOPOD","30","BASCULEGION_M","10","WALREIN"
"Standard","MAP_ROUTE18_HNS","","Day","Land","70","84","30","BOLTUND","30","TANGROWTH","30","HATTERENE","10","NOIVERN"
"Standard","MAP_ROUTE18_HNS","","Night","Land","70","84","30","SINISTCHA","30","HONCHKROW","30","ROSERADE","10","NIDOQUEEN"
"Standard","MAP_ROUTE18_HNS","","Any","Rock Smash","70","84","30","BEWEAR","30","GIGALITH","30","CONKELDURR","10","AEGISLASH_SHIELD"
"Standard","MAP_ROUTE18_HNS","","Any","Surf","70","84","30","WAILORD","30","CLAWITZER","30","BARBARACLE","10","SEISMITOAD"
"Standard","MAP_ROUTE19_HNS","","Any","Fishing","70","84","30","VELUZA","30","FLOATZEL","30","MILOTIC","10","GYARADOS"
"Standard","MAP_ROUTE19_HNS","","Any","Surf","70","84","30","BRUXISH","30","CRAMORANT","30","TOXAPEX","10","DRACOVISH"
"Standard","MAP_ROUTE2_HNS","","Any","Fishing","70","84","30","BASCULIN_RED_STRIPED","30","OCTILLERY","30","ARCTOVISH","10","WALREIN"
"Standard","MAP_ROUTE2_HNS","","Day","Land","70","84","30","ZEBSTRIKA","30","TOEDSCRUEL","30","LUXRAY","10","URSALUNA"
"Standard","MAP_ROUTE2_HNS","","Night","Land","70","84","30","GOURGEIST","30","SINISTCHA","30","ROSERADE","10","ANNIHILAPE"
"Standard","MAP_ROUTE2_HNS","","Any","Surf","70","84","30","WAILORD","30","BARBARACLE","30","BASCULEGION_M","10","GOLISOPOD"
"Standard","MAP_ROUTE20_HNS","","Any","Fishing","70","84","30","BASCULIN_RED_STRIPED","30","ARAQUANID","30","TATSUGIRI_CURLY","10","LAPRAS"
"Standard","MAP_ROUTE20_HNS","","Any","Surf","70","84","30","OCTILLERY","30","ARCTOVISH","30","GOLISOPOD","10","WALREIN"
"Standard","MAP_ROUTE21_HNS","","Any","Fishing","70","84","30","WAILORD","30","CLAWITZER","30","BARBARACLE","10","BASCULEGION_M"
"Standard","MAP_ROUTE21_HNS","","Day","Land","70","84","30","PYROAR","30","TALONFLAME","30","PORYGON_Z","10","BLISSEY"
"Standard","MAP_ROUTE21_HNS","","Night","Land","70","84","30","SCRAFTY","30","NIDOQUEEN","30","NIDOKING","10","GLIMMORA"
"Standard","MAP_ROUTE21_HNS","","Any","Rock Smash","70","84","30","LYCANROC_MIDDAY","30","SANDACONDA","30","DONPHAN","10","AGGRON"
"Standard","MAP_ROUTE21_HNS","","Any","Surf","70","84","30","WAILMER","30","MILOTIC","30","GYARADOS","10","SEISMITOAD"
"Standard","MAP_ROUTE22_HNS","","Any","Fishing","70","84","30","CRAWDAUNT","30","VELUZA","30","WHISCASH","10","FLOATZEL"
"Standard","MAP_ROUTE22_HNS","","Day","Land","70","84","30","ABOMASNOW","30","URSARING","30","WYRDEER","10","FLORGES_RED"
"Standard","MAP_ROUTE22_HNS","","Night","Land","70","84","30","PANGORO","30","GOURGEIST","30","DRAGALGE","10","GRIMMSNARL"
"Standard","MAP_ROUTE22_HNS","","Any","Surf","70","84","30","BRUXISH","30","CRAMORANT","30","TOXAPEX","10","DRACOVISH"
"Standard","MAP_ROUTE24_HNS","","Any","Fishing","70","84","30","SEALEO","30","GASTRODON_WEST","30","BARRASKEWDA","10","DONDOZO"
"Standard","MAP_ROUTE24_HNS","","Day","Land","70","84","30","KILOWATTREL","30","MUDSDALE","30","VIKAVOLT","10","GALLADE"
"Standard","MAP_ROUTE24_HNS","","Night","Land","70","84","30","SCRAFTY","30","TOXICROAK","30","MANDIBUZZ","10","NIDOKING"
"Standard","MAP_ROUTE24_HNS","","Any","Rock Smash","70","84","30","COPPERAJAH","30","BEWEAR","30","KLEAVOR","10","GALLADE"
"Standard","MAP_ROUTE24_HNS","","Any","Surf","70","84","30","LUMINEON","30","SHARPEDO","30","RELICANTH","10","TENTACRUEL"
"Standard","MAP_ROUTE25_HNS","","Any","Fishing","70","84","30","PELIPPER","30","PALAFIN_ZERO","30","DREDNAW","10","LAPRAS"
"Standard","MAP_ROUTE25_HNS","","Day","Land","70","84","30","FERROTHORN","30","KILOWATTREL","30","SCOVILLAIN","10","HIPPOWDON"
"Standard","MAP_ROUTE25_HNS","","Night","Land","70","84","30","PANGORO","30","OVERQWIL","30","SNEASLER","10","KROOKODILE"
"Standard","MAP_ROUTE25_HNS","","Any","Surf","70","84","30","ARAQUANID","30","WUGTRIO","30","LANTURN","10","TATSUGIRI_CURLY"
"Standard","MAP_ROUTE26_HNS","","Any","Fishing","63","66","30","CRAWDAUNT","30","DREDNAW","30","ARCTOVISH","10","MILOTIC"
"Standard","MAP_ROUTE26_HNS","","Day","Land","63","66","30","ELECTIVIRE","30","MAGMORTAR","30","CORVIKNIGHT","10","SALAMENCE"
"Standard","MAP_ROUTE26_HNS","","Night","Land","63","66","30","KINGAMBIT","30","GHOLDENGO","30","GOODRA","10","METAGROSS"
"Standard","MAP_ROUTE26_HNS","","Any","Surf","63","66","30","BASCULIN_RED_STRIPED","30","LUMINEON","30","GASTRODON_WEST","10","GYARADOS"
"Standard","MAP_ROUTE27_HNS","","Any","Fishing","63","65","30","ARAQUANID","30","TATSUGIRI_CURLY","30","OCTILLERY","10","PALAFIN_ZERO"
"Standard","MAP_ROUTE27_HNS","","Day","Land","63","65","30","LUCARIO","30","GARCHOMP","30","CORVIKNIGHT","10","NOIVERN"
"Standard","MAP_ROUTE27_HNS","","Night","Land","63","65","30","TYRANITAR","30","HYDREIGON","30","DRAGAPULT","10","DRAGONITE"
"Standard","MAP_ROUTE27_HNS","","Any","Surf","63","65","30","AZUMARILL","30","RELICANTH","30","LAPRAS","10","DRACOVISH"
"Standard","MAP_ROUTE28_HNS","","Day","Land","72","84","30","PIDGEOT","30","STARAPTOR","30","UNFEZANT","10","DRAGONITE"
"Standard","MAP_ROUTE28_HNS","","Night","Land","72","84","30","AMOONGUSS","30","GOLURK","30","SALAZZLE","10","VILEPLUME"
"Standard","MAP_ROUTE29_HNS","","Day","Land","2","6","30","SENTRET","30","PIDGEY","30","STARLY","10","FLETCHLING"
"Standard","MAP_ROUTE29_HNS","","Night","Land","2","6","30","SENTRET","30","RATTATA","30","SPINARAK","10","ZUBAT"
"Standard","MAP_ROUTE3_HNS","","Any","Fishing","70","84","30","WAILMER","30","CLAWITZER","30","GYARADOS","10","SEISMITOAD"
"Standard","MAP_ROUTE3_HNS","","Day","Land","70","84","30","SCOVILLAIN","30","BELLIBOLT","30","TOUCANNON","10","HYDRAPPLE"
"Standard","MAP_ROUTE3_HNS","","Night","Land","70","84","30","TOXICROAK","30","DRAPION","30","TOXTRICITY_AMPED","10","HONCHKROW"
"Standard","MAP_ROUTE3_HNS","","Any","Rock Smash","70","84","30","COPPERAJAH","30","BISHARP","30","MIENSHAO","10","GARGANACL"
"Standard","MAP_ROUTE3_HNS","","Any","Surf","70","84","30","CRAWDAUNT","30","VELUZA","30","WHISCASH","10","MILOTIC"
"Standard","MAP_ROUTE30_HNS","","Any","Fishing","4","6","30","MAGIKARP","30","GOLDEEN","30","BARBOACH","10","FEEBAS"
"Standard","MAP_ROUTE30_HNS","","Day","Land","4","6","30","CATERPIE","30","WEEDLE","30","PIDGEY","10","WURMPLE"
"Standard","MAP_ROUTE30_HNS","","Night","Land","4","6","30","SPINARAK","30","VENONAT","30","RATTATA","10","SCATTERBUG"
"Standard","MAP_ROUTE30_HNS","","Any","Rock Smash","4","6","30","NYMBLE","30","GEODUDE","30","MANKEY","10","MACHOP"
"Standard","MAP_ROUTE30_HNS","","Any","Surf","4","6","30","POLIWAG","30","WOOPER","30","LOTAD","10","SURSKIT"
"Standard","MAP_ROUTE31_HNS","","Any","Fishing","7","11","30","MAGIKARP","30","GOLDEEN","30","CORPHISH","10","FEEBAS"
"Standard","MAP_ROUTE31_HNS","","Day","Land","7","11","30","BELLSPROUT","30","TAILLOW","30","SPEAROW","10","RALTS"
"Standard","MAP_ROUTE31_HNS","","Night","Land","7","11","30","RATTATA","30","ZUBAT","30","MORELULL","10","DUSKULL"
"Standard","MAP_ROUTE31_HNS","","Any","Surf","7","11","30","WOOPER","30","POLIWAG","30","TYMPOLE","10","LOTAD"
"Standard","MAP_ROUTE32_HNS","","Any","Fishing","16","19","30","MAGIKARP","30","GOLDEEN","30","BARBOACH","10","FEEBAS"
"Standard","MAP_ROUTE32_HNS","","Day","Land","16","19","30","MAREEP","30","NIDORAN_F","30","NIDORAN_M","10","SHINX"
"Standard","MAP_ROUTE32_HNS","","Night","Land","16","19","30","WOOPER","30","RATTATA","30","SPINARAK","10","MURKROW"
"Standard","MAP_ROUTE32_HNS","","Any","Surf","16","19","30","WOOPER","30","POLIWAG","30","TYMPOLE","10","LOTAD"
"Standard","MAP_ROUTE33_HNS","","Day","Land","18","21","30","BOUNSWEET","30","BUDEW","30","COTTONEE","10","PETILIL"
"Standard","MAP_ROUTE33_HNS","","Night","Land","18","21","30","EKANS","30","ODDISH","30","GRIMER","10","KOFFING"
"Standard","MAP_ROUTE33_HNS","","Any","Rock Smash","18","21","30","TAROUNTULA","30","CUBONE","30","PHANPY","10","RHYHORN"
"Standard","MAP_ROUTE34_HNS","","Any","Fishing","25","28","30","LUVDISC","30","CLAUNCHER","30","SKRELP","10","TOTODILE"
"Standard","MAP_ROUTE34_HNS","","Day","Land","25","28","30","MAREEP","30","GROWLITHE","30","SPINARAK","10","PAWMI"
"Standard","MAP_ROUTE34_HNS","","Night","Land","25","28","30","ELECTRIKE","30","BLITZLE","30","YAMPER","10","DREEPY"
"Standard","MAP_ROUTE34_HNS","","Any","Surf","25","28","30","TYMPOLE","30","BINACLE","30","CORPHISH","10","MUDKIP"
"Standard","MAP_ROUTE35_HNS","","Any","Fishing","27","30","30","FINIZEN","30","SHELLOS_WEST","30","BUIZEL","10","PIPLUP"
"Standard","MAP_ROUTE35_HNS","","Day","Land","27","30","30","MEOWTH","30","TEDDIURSA","30","TANDEMAUS","10","EEVEE"
"Standard","MAP_ROUTE35_HNS","","Night","Land","27","30","30","MURKROW","30","HOUNDOUR","30","ZORUA","10","ABSOL"
"Standard","MAP_ROUTE35_HNS","","Any","Surf","27","30","30","SPHEAL","30","CARVANHA","30","CORPHISH","10","OSHAWOTT"
"Standard","MAP_ROUTE36_HNS","","Day","Land","27","30","30","SCRAGGY","30","SPINARAK","30","STUFFUL","10","CHARMANDER"
"Standard","MAP_ROUTE36_HNS","","Night","Land","27","30","30","CRABRAWLER","30","SPINARAK","30","SINISTEA","10","ELEKID"
"Standard","MAP_ROUTE36_HNS","","Any","Rock Smash","27","30","30","MIENFOO","30","CRANIDOS","30","SHIELDON","10","DRILBUR"
"Standard","MAP_ROUTE37_HNS","","Day","Land","32","35","30","GROWLITHE","30","SPINARAK","30","TEDDIURSA","10","VULPIX"
"Standard","MAP_ROUTE37_HNS","","Night","Land","32","35","30","MISDREAVUS","30","HOUNDOUR","30","MURKROW","10","TEPIG"
"Standard","MAP_ROUTE38_HNS","","Day","Land","38","41","30","KIRLIA","30","FLOETTE_RED","30","TANGELA","10","SNIVY"
"Standard","MAP_ROUTE38_HNS","","Night","Land","38","41","30","KANGASKHAN","30","ROTOM","30","RATTATA","10","FENNEKIN"
"Standard","MAP_ROUTE39_HNS","","Day","Land","39","42","30","TAUROS","30","JIGGLYPUFF","30","SWELLOW","10","CHESPIN"
"Standard","MAP_ROUTE39_HNS","","Night","Land","39","42","30","MORPEKO_FULL_BELLY","30","RATTATA","30","DUSKULL","10","BOUFFALANT"
"Standard","MAP_ROUTE39_HNS","","Any","Rock Smash","39","42","30","HIPPOPOTAS","30","TYRUNT","30","SPIDOPS","10","DARUMAKA"
"Standard","MAP_ROUTE4_HNS","","Any","Fishing","70","84","30","SEADRA","30","FLOATZEL","30","TOXAPEX","10","BASCULEGION_M"
"Standard","MAP_ROUTE4_HNS","","Day","Land","70","84","30","BRAVIARY","30","GLISCOR","30","DIPPLIN","10","BLISSEY"
"Standard","MAP_ROUTE4_HNS","","Night","Land","70","84","30","REVAVROOM","30","NIDOQUEEN","30","GLIMMORA","10","PORYGON_Z"
"Standard","MAP_ROUTE4_HNS","","Any","Surf","70","84","30","BRUXISH","30","AZUMARILL","30","CRAMORANT","10","DRACOVISH"
"Standard","MAP_ROUTE40_HNS","","Day","Fishing","40","43","30","MARILL","30","WUGTRIO","30","PELIPPER","10","LAPRAS"
"Standard","MAP_ROUTE40_HNS","","Day","Surf","40","43","30","WAILMER","30","WHISCASH","30","SHARPEDO","10","LAPRAS"
"Standard","MAP_ROUTE41_HNS","","Day","Fishing","41","44","30","SEALEO","30","CRAWDAUNT","30","RELICANTH","10","ARCTOVISH"
"Standard","MAP_ROUTE41_HNS","","Day","Surf","41","44","30","BASCULIN_RED_STRIPED","30","PALPITOAD","30","SEALEO","10","LUMINEON"
"Standard","MAP_ROUTE42_HNS","","Any","Fishing","52","54","30","LUVDISC","30","BUIZEL","30","TATSUGIRI_CURLY","10","DONDOZO"
"Standard","MAP_ROUTE42_HNS","","Day","Land","52","54","30","GRANBULL","30","MAUSHOLD_THREE","30","LURANTIS","10","HELIOLISK"
"Standard","MAP_ROUTE42_HNS","","Night","Land","52","54","30","KROKOROK","30","ROSELIA","30","SALAZZLE","10","DHELMISE"
"Standard","MAP_ROUTE42_HNS","","Any","Rock Smash","52","54","30","CHARJABUG","30","GURDURR","30","KLANG","10","SCYTHER"
"Standard","MAP_ROUTE42_HNS","","Any","Surf","52","54","30","CLAUNCHER","30","FINNEON","30","TIRTOUGA","10","MANTYKE"
"Standard","MAP_ROUTE43_HNS","","Any","Fishing","53","55","30","OMANYTE","30","KABUTO","30","LANTURN","10","OCTILLERY"
"Standard","MAP_ROUTE43_HNS","","Day","Land","53","55","30","CLEFAIRY","30","GLALIE","30","LURANTIS","10","MANECTRIC"
"Standard","MAP_ROUTE43_HNS","","Night","Land","53","55","30","AMOONGUSS","30","TREVENANT","30","DARMANITAN_STANDARD","10","SALAZZLE"
"Standard","MAP_ROUTE43_HNS","","Any","Surf","53","55","30","MARILL","30","PELIPPER","30","SHARPEDO","10","LAPRAS"
"Standard","MAP_ROUTE44_HNS","","Any","Fishing","57","59","30","TATSUGIRI_CURLY","30","ARCTOVISH","30","MILOTIC","10","GYARADOS"
"Standard","MAP_ROUTE44_HNS","","Day","Land","57","59","30","MAGNETON","30","PILOSWINE","30","SKARMORY","10","LAIRON"
"Standard","MAP_ROUTE44_HNS","","Night","Land","57","59","30","DUSCLOPS","30","SNEASEL","30","FROSLASS","10","HAUNTER"
"Standard","MAP_ROUTE44_HNS","","Any","Surf","57","59","30","AZUMARILL","30","LAPRAS","30","DRACOVISH","10","GYARADOS"
"Standard","MAP_ROUTE45_HNS","","Any","Fishing","64","66","30","VELUZA","30","RELICANTH","30","MILOTIC","10","GYARADOS"
"Standard","MAP_ROUTE45_HNS","","Day","Land","64","66","30","GRAVELER","30","SKARMORY","30","DRAGONAIR","10","LAIRON"
"Standard","MAP_ROUTE45_HNS","","Night","Land","64","66","30","TREVENANT","30","PALOSSAND","30","DHELMISE","10","VILEPLUME"
"Standard","MAP_ROUTE45_HNS","","Any","Rock Smash","64","66","30","LUCARIO","30","CORVIKNIGHT","30","GHOLDENGO","10","VOLCARONA"
"Standard","MAP_ROUTE45_HNS","","Any","Surf","64","66","30","BRUXISH","30","CRAMORANT","30","WHISCASH","10","DONDOZO"
"Standard","MAP_ROUTE46_HNS","","Day","Land","6","9","30","SPEAROW","30","GEODUDE","30","PHANPY","10","MANKEY"
"Standard","MAP_ROUTE46_HNS","","Night","Land","6","9","30","RATTATA","30","ZUBAT","30","GEODUDE","10","ROOKIDEE"
"Standard","MAP_ROUTE47_HNS","","Any","Fishing","45","48","30","MARILL","30","BRUXISH","30","ARAQUANID","10","WHISCASH"
"Standard","MAP_ROUTE47_HNS","","Day","Land","45","48","30","FLABEBE_RED","30","PIKACHU","30","SQUAWKABILLY_GREEN","10","ROWLET"
"Standard","MAP_ROUTE47_HNS","","Night","Land","45","48","30","CHANSEY","30","VULLABY","30","VAROOM","10","CHARCADET"
"Standard","MAP_ROUTE47_HNS","","Any","Surf","45","48","30","WUGTRIO","30","CRAMORANT","30","PALAFIN_ZERO","10","ARCTOVISH"
"Standard","MAP_ROUTE48_HNS","","Day","Land","46","49","30","MR_MIME","30","STEENEE","30","SHIINOTIC","10","GROOKEY"
"Standard","MAP_ROUTE48_HNS","","Night","Land","46","49","30","AUDINO","30","SHROOMISH","30","POLTCHAGEIST","10","SANDILE"
"Standard","MAP_ROUTE48_HNS","","Any","Rock Smash","46","49","30","NUMEL","30","SPEWPA","30","CLOBBOPUS","10","THROH"
"Standard","MAP_ROUTE5_HNS","","Any","Fishing","70","84","30","PALPITOAD","30","SEALEO","30","TENTACRUEL","10","DONDOZO"
"Standard","MAP_ROUTE5_HNS","","Day","Land","70","84","30","ELECTABUZZ","30","WYRDEER","30","HATTERENE","10","TSAREENA"
"Standard","MAP_ROUTE5_HNS","","Night","Land","70","84","30","PANGORO","30","DRAGALGE","30","NIDOKING","10","ANNIHILAPE"
"Standard","MAP_ROUTE5_HNS","","Any","Surf","70","84","30","SHARPEDO","30","GASTRODON_WEST","30","BARRASKEWDA","10","TENTACRUEL"
"Standard","MAP_ROUTE6_HNS","","Any","Fishing","70","84","30","PELIPPER","30","LUMINEON","30","RELICANTH","10","WAILORD"
"Standard","MAP_ROUTE6_HNS","","Day","Land","70","84","30","BOLTUND","30","TANGROWTH","30","LUXRAY","10","NOIVERN"
"Standard","MAP_ROUTE6_HNS","","Night","Land","70","84","30","GOURGEIST","30","ZOROARK","30","PORYGON2","10","GRIMMSNARL"
"Standard","MAP_ROUTE6_HNS","","Any","Rock Smash","70","84","30","EXCADRILL","30","CENTISKORCH","30","GOLEM","10","URSALUNA"
"Standard","MAP_ROUTE6_HNS","","Any","Surf","70","84","30","ARAQUANID","30","PALAFIN_ZERO","30","DREDNAW","10","LAPRAS"
"Standard","MAP_ROUTE7_HNS","","Any","Fishing","70","84","30","CORSOLA","30","WUGTRIO","30","TATSUGIRI_CURLY","10","BARBARACLE"
"Standard","MAP_ROUTE7_HNS","","Day","Land","70","84","30","PORYGON2","30","TINKATON","30","EELEKTROSS","10","BLISSEY"
"Standard","MAP_ROUTE7_HNS","","Night","Land","70","84","30","SCRAFTY","30","TOXICROAK","30","MANDIBUZZ","10","POLTEAGEIST"
"Standard","MAP_ROUTE7_HNS","","Any","Surf","70","84","30","BASCULIN_RED_STRIPED","30","LANTURN","30","OCTILLERY","10","ARCTOVISH"
"Standard","MAP_ROUTE8_HNS","","Any","Fishing","70","84","30","CLAWITZER","30","GOLISOPOD","30","BASCULEGION_M","10","WALREIN"
"Standard","MAP_ROUTE8_HNS","","Day","Land","70","84","30","BRAVIARY","30","MIENSHAO","30","GOLEM","10","EELEKTROSS"
"Standard","MAP_ROUTE8_HNS","","Night","Land","70","84","30","MANDIBUZZ","30","OVERQWIL","30","SNEASLER","10","GRIMMSNARL"
"Standard","MAP_ROUTE8_HNS","","Any","Surf","70","84","30","WAILMER","30","WAILORD","30","CLAWITZER","10","BARBARACLE"
"Standard","MAP_ROUTE9_HNS","","Any","Fishing","70","84","30","VELUZA","30","MILOTIC","30","GYARADOS","10","SEISMITOAD"
"Standard","MAP_ROUTE9_HNS","","Day","Land","70","84","30","SANDACONDA","30","HATTERENE","30","RHYPERIOR","10","MAGNEZONE"
"Standard","MAP_ROUTE9_HNS","","Night","Land","70","84","30","HOUNDOOM","30","SNEASLER","30","KROOKODILE","10","ANNIHILAPE"
"Standard","MAP_ROUTE9_HNS","","Any","Rock Smash","70","84","30","TINKATON","30","AEGISLASH_SHIELD","30","KLINKLANG","10","MAGNEZONE"
"Standard","MAP_ROUTE9_HNS","","Any","Surf","70","84","30","CRAWDAUNT","30","WHISCASH","30","FLOATZEL","10","SEISMITOAD"
"Standard","MAP_RUINS_OF_ALPH_B1F_HNS","","Day","Land","9","12","30","UNOWN","30","EXEGGCUTE","30","WOOPER","10","ZUBAT"
"Standard","MAP_RUINS_OF_ALPH_B1F_HNS","","Day","Rock Smash","9","12","30","CATERPIE","30","WURMPLE","30","RELLOR","10","TYROGUE"
"Standard","MAP_RUINS_OF_ALPH_OUTSIDE_HNS","","Any","Fishing","8","12","30","WOOPER","30","SURSKIT","30","SEEL","10","MAGIKARP"
"Standard","MAP_RUINS_OF_ALPH_OUTSIDE_HNS","","Any","Land","8","12","30","AZURILL","30","NACLI","30","FOMANTIS","10","TOXEL"
"Standard","MAP_RUINS_OF_ALPH_OUTSIDE_HNS","","Any","Rock Smash","8","12","30","WURMPLE","30","NINCADA","30","ROGGENROLA","10","MEDITITE"
"Standard","MAP_RUINS_OF_ALPH_OUTSIDE_HNS","","Any","Surf","8","12","30","LOTAD","30","WINGULL","30","REMORAID","10","CHINCHOU"
"Standard","MAP_SEAFOAM_ISLANDS_1F_HNS","","Day","Land","70","84","30","BEARTIC","30","WEAVILE","30","CETITAN","10","WALREIN"
"Standard","MAP_SEAFOAM_ISLANDS_B1F_HNS","","Day","Land","70","84","30","ABOMASNOW","30","AVALUGG","30","CETITAN","10","VANILLUXE"
"Standard","MAP_SLOWPOKE_WELL_B1F_HNS","","Day","Fishing","19","22","30","MAGIKARP","30","SLOWPOKE","30","BARBOACH","10","CORPHISH"
"Standard","MAP_SLOWPOKE_WELL_B1F_HNS","","Day","Land","19","22","30","ZUBAT","30","WOOPER","30","CROAGUNK","10","DUSKULL"
"Standard","MAP_SLOWPOKE_WELL_B1F_HNS","","Day","Surf","19","22","30","SLOWPOKE","30","WOOPER","30","POLIWAG","10","CORPHISH"
"Standard","MAP_SLOWPOKE_WELL_B2F_HNS","","Day","Fishing","20","23","30","MAGIKARP","30","WIGLETT","30","WOOPER","10","CORPHISH"
"Standard","MAP_SLOWPOKE_WELL_B2F_HNS","","Day","Land","20","23","30","IMPIDIMP","30","SLUGMA","30","ROCKRUFF","10","ZUBAT"
"Standard","MAP_SLOWPOKE_WELL_B2F_HNS","","Day","Surf","20","23","30","POLIWAG","30","SLOWPOKE","30","PSYDUCK","10","TENTACOOL"
"Standard","MAP_SPROUT_TOWER_2F_HNS","","Day","Land","8","11","30","RATTATA","30","BELLSPROUT","30","PIDGEY","10","BALTOY"
"Standard","MAP_SPROUT_TOWER_2F_HNS","","Night","Land","8","11","30","GASTLY","30","ZUBAT","30","DUSKULL","10","LITWICK"
"Standard","MAP_SPROUT_TOWER_3F_HNS","","Day","Land","9","12","30","RATTATA","30","BELLSPROUT","30","RALTS","10","BALTOY"
"Standard","MAP_SPROUT_TOWER_3F_HNS","","Night","Land","9","12","30","GASTLY","30","SHUPPET","30","DUSKULL","10","MISDREAVUS"
"Standard","MAP_TIN_TOWER_3F_HNS","","Day","Land","64","66","30","AERODACTYL","30","CORVIKNIGHT","30","GHOLDENGO","10","KINGAMBIT"
"Standard","MAP_TIN_TOWER_4F_HNS","","Day","Land","64","66","30","SHUCKLE","30","LUCARIO","30","GHOLDENGO","10","KINGAMBIT"
"Standard","MAP_TIN_TOWER_5F_HNS","","Day","Land","65","67","30","HERACROSS","30","GRAPPLOCT","30","CORVIKNIGHT","10","GHOLDENGO"
"Standard","MAP_TIN_TOWER_6F_HNS","","Day","Land","65","67","30","FORRETRESS","30","MAGNETON","30","CRUSTLE","10","DURALUDON"
"Standard","MAP_TIN_TOWER_7F_HNS","","Day","Land","65","67","30","LOKIX","30","AERODACTYL","30","DRACOZOLT","10","LUCARIO"
"Standard","MAP_TIN_TOWER_8F_HNS","","Day","Land","66","68","30","CYCLIZAR","30","HAWLUCHA","30","FLAMIGO","10","FROSLASS"
"Standard","MAP_TIN_TOWER_9F_HNS","","Day","Land","66","68","30","SHUCKLE","30","HERACROSS","30","GHOLDENGO","10","KINGAMBIT"
"Standard","MAP_TOHJO_FALLS_CAVERN_HNS","","Any","Fishing","62","65","30","CARVANHA","30","MILOTIC","30","VELUZA","10","LANTURN"
"Standard","MAP_TOHJO_FALLS_CAVERN_HNS","","Any","Land","62","65","30","HAXORUS","30","AGGRON","30","EXCADRILL","10","NOIVERN"
"Standard","MAP_TOHJO_FALLS_CAVERN_HNS","","Any","Rock Smash","62","65","30","ARCHALUDON","30","METAGROSS","30","GARCHOMP","10","KOMMO_O"
"Standard","MAP_TOHJO_FALLS_CAVERN_HNS","","Any","Surf","62","65","30","SPHEAL","30","BARBOACH","30","CORPHISH","10","GYARADOS"
"Standard","MAP_UNION_CAVE_1F_HNS","","Day","Fishing","17","20","30","ARROKUDA","30","SHELLDER","30","PSYDUCK","10","SEEL"
"Standard","MAP_UNION_CAVE_1F_HNS","","Day","Land","17","20","30","GEODUDE","30","ZUBAT","30","SANDSHREW","10","ARON"
"Standard","MAP_UNION_CAVE_1F_HNS","","Day","Rock Smash","17","20","30","BLIPBUG","30","TAROUNTULA","30","VENIPEDE","10","DIGLETT"
"Standard","MAP_UNION_CAVE_1F_HNS","","Day","Surf","17","20","30","GOLDEEN","30","TYMPOLE","30","KRABBY","10","STARYU"
"Standard","MAP_UNION_CAVE_B1F_HNS","","Day","Fishing","18","21","30","MAGIKARP","30","WIMPOD","30","GOLDEEN","10","WOOPER"
"Standard","MAP_UNION_CAVE_B1F_HNS","","Day","Land","18","21","30","ROGGENROLA","30","ONIX","30","MAWILE","10","SABLEYE"
"Standard","MAP_UNION_CAVE_B1F_HNS","","Day","Rock Smash","18","21","30","BLIPBUG","30","ROLYCOLY","30","NYMBLE","10","RELLOR"
"Standard","MAP_UNION_CAVE_B1F_HNS","","Day","Surf","18","21","30","WOOPER","30","LOTAD","30","REMORAID","10","CHINCHOU"
"Standard","MAP_UNION_CAVE_B2F_HNS","","Day","Fishing","19","22","30","LOTAD","30","SURSKIT","30","WINGULL","10","SLOWPOKE"
"Standard","MAP_UNION_CAVE_B2F_HNS","","Day","Land","19","22","30","ARON","30","WOOPER","30","BALTOY","10","GIBLE"
"Standard","MAP_UNION_CAVE_B2F_HNS","","Day","Rock Smash","19","22","30","CATERPIE","30","TYROGUE","30","PARAS","10","PHANPY"
"Standard","MAP_UNION_CAVE_B2F_HNS","","Day","Surf","19","22","30","FEEBAS","30","WISHIWASHI_SOLO","30","DEWPIDER","10","WIMPOD"
"Standard","MAP_VERMILION_CITY_HNS","","Any","Fishing","70","84","30","TIRTOUGA","30","POLIWHIRL","30","SEADRA","10","TOXAPEX"
"Standard","MAP_VERMILION_CITY_HNS","","Any","Land","70","84","30","BISHARP","30","WEAVILE","30","REUNICLUS","10","GOTHITELLE"
"Standard","MAP_VERMILION_CITY_HNS","","Any","Surf","70","84","30","BRUXISH","30","AZUMARILL","30","CRAMORANT","10","DRACOVISH"
"Standard","MAP_VERMILION_CITY_PORT_OUTSIDE_HNS","","Any","Fishing","70","84","30","PALPITOAD","30","SEALEO","30","BARRASKEWDA","10","DONDOZO"
"Standard","MAP_VERMILION_CITY_PORT_OUTSIDE_HNS","","Any","Land","70","84","30","LYCANROC_MIDDAY","30","EXCADRILL","30","COALOSSAL","10","VANILLUXE"
"Standard","MAP_VERMILION_CITY_PORT_OUTSIDE_HNS","","Any","Surf","70","84","30","CARVANHA","30","BARBOACH","30","BASCULEGION_M","10","GASTRODON_WEST"
"Standard","MAP_VICTORY_ROAD_KANTO_1F_HNS","","Day","Fishing","64","67","30","ARCTOVISH","30","DRACOVISH","30","DONDOZO","10","MILOTIC"
"Standard","MAP_VICTORY_ROAD_KANTO_1F_HNS","","Day","Surf","64","67","30","RELICANTH","30","DREDNAW","30","LAPRAS","10","DONDOZO"
"Standard","MAP_VICTORY_ROAD_KANTO_B1F_HNS","","Day","Fishing","64","67","30","BRUXISH","30","ARCTOVISH","30","MILOTIC","10","GYARADOS"
"Standard","MAP_VICTORY_ROAD_KANTO_B1F_HNS","","Day","Surf","64","67","30","CRAMORANT","30","RELICANTH","30","DRACOVISH","10","DONDOZO"
"Standard","MAP_VICTORY_ROAD_KANTO_B2F_HNS","","Day","Fishing","63","66","30","BASCULIN_RED_STRIPED","30","TATSUGIRI_CURLY","30","DREDNAW","10","LAPRAS"
"Standard","MAP_VICTORY_ROAD_KANTO_B2F_HNS","","Day","Surf","63","66","30","OCTILLERY","30","ARCTOVISH","30","MILOTIC","10","GYARADOS"
"Standard","MAP_VIOLET_CITY_HNS","","Any","Fishing","8","12","30","GOLDEEN","30","BARBOACH","30","CORPHISH","10","FEEBAS"
"Standard","MAP_VIOLET_CITY_HNS","","Any","Land","8","12","30","PIKIPEK","30","SLAKOTH","30","WOOPER","10","ABRA"
"Standard","MAP_VIOLET_CITY_HNS","","Any","Surf","8","12","30","POLIWAG","30","WOOPER","30","LOTAD","10","SURSKIT"
"Standard","MAP_VIRIDIAN_CITY_HNS","","Any","Fishing","70","84","30","SPHEAL","30","CORPHISH","30","LUVDISC","10","BASCULEGION_M"
"Standard","MAP_VIRIDIAN_CITY_HNS","","Any","Land","70","84","30","PYROAR","30","ZOROARK","30","GOTHITELLE","10","PORYGON_Z"
"Standard","MAP_VIRIDIAN_CITY_HNS","","Any","Surf","70","84","30","SHELLOS_WEST","30","BUIZEL","30","FINNEON","10","MANTYKE"
"Standard","MAP_VIRIDIAN_FOREST_HNS","","Day","Land","70","84","30","TOEDSCRUEL","30","TANGROWTH","30","FLORGES_RED","10","HYDRAPPLE"
"Standard","MAP_VIRIDIAN_FOREST_HNS","","Night","Land","70","84","30","CENTISKORCH","30","GOLISOPOD","30","GLIMMORA","10","TSAREENA"
"Standard","MAP_WHIRL_ISLANDS_1F_HNS","","Any","Fishing","40","43","30","WAILMER","30","POLIWHIRL","30","VELUZA","10","RELICANTH"
"Standard","MAP_WHIRL_ISLANDS_1F_HNS","","Any","Land","40","43","30","TRAPINCH","30","RATTATA","30","JANGMO_O","10","EISCUE_ICE"
"Standard","MAP_WHIRL_ISLANDS_1F_HNS","","Any","Rock Smash","40","43","30","NACLSTACK","30","TOGEDEMARU","30","ARCHEN","10","PASSIMIAN"
"Standard","MAP_WHIRL_ISLANDS_1F_HNS","","Any","Surf","40","43","30","LUVDISC","30","CORSOLA","30","SEADRA","10","LANTURN"
"Standard","MAP_WHIRL_ISLANDS_B1F_HNS","","Any","Fishing","41","44","30","BUIZEL","30","FINNEON","30","POLIWHIRL","10","VELUZA"
"Standard","MAP_WHIRL_ISLANDS_B1F_HNS","","Any","Land","41","44","30","LAMPENT","30","APPLIN","30","CUBCHOO","10","SNORUNT"
"Standard","MAP_WHIRL_ISLANDS_B1F_HNS","","Any","Rock Smash","41","44","30","STONJOURNER","30","AMAURA","30","SILICOBRA","10","GLIGAR"
"Standard","MAP_WHIRL_ISLANDS_B1F_HNS","","Any","Surf","41","44","30","CLAUNCHER","30","OMANYTE","30","TIRTOUGA","10","MANTYKE"
"Standard","MAP_WHIRL_ISLANDS_B1F_INNER_HNS","","Day","Fishing","42","45","30","MARILL","30","KABUTO","30","ARAQUANID","10","LAPRAS"
"Standard","MAP_WHIRL_ISLANDS_B1F_INNER_HNS","","Day","Land","42","45","30","TINKATINK","30","BAGON","30","SNEASEL","10","DRAGONAIR"
"Standard","MAP_WHIRL_ISLANDS_B1F_INNER_HNS","","Day","Rock Smash","42","45","30","CASCOON","30","CUFANT","30","MUDBRAY","10","CARKOL"
"Standard","MAP_WHIRL_ISLANDS_B1F_INNER_HNS","","Day","Surf","42","45","30","WAILMER","30","PELIPPER","30","WHISCASH","10","SHARPEDO"
"Standard","MAP_WHIRL_ISLANDS_B2F_HNS","","Any","Fishing","42","45","30","PALPITOAD","30","SEALEO","30","CRAWDAUNT","10","BRUXISH"
"Standard","MAP_WHIRL_ISLANDS_B2F_HNS","","Any","Land","42","45","30","NOIBAT","30","MAGBY","30","DUSCLOPS","10","VANILLITE"
"Standard","MAP_WHIRL_ISLANDS_B2F_HNS","","Any","Rock Smash","42","45","30","BELDUM","30","ARCTOZOLT","30","LAIRON","10","MAGNETON"
"Standard","MAP_WHIRL_ISLANDS_B2F_HNS","","Any","Surf","42","45","30","BASCULIN_RED_STRIPED","30","PALPITOAD","30","LUMINEON","10","RELICANTH"
"Standard","MAP_WHIRL_ISLANDS_B3F_HNS","","Day","Fishing","43","46","30","SEADRA","30","BRUXISH","30","ARAQUANID","10","CRAMORANT"
"Standard","MAP_WHIRL_ISLANDS_B3F_HNS","","Day","Land","43","46","30","SHUPPET","30","DEINO","30","PILOSWINE","10","SWINUB"
"Standard","MAP_WHIRL_ISLANDS_B3F_HNS","","Day","Rock Smash","43","46","30","MINIOR_METEOR","30","MAWILE","30","DUGTRIO","10","LOKIX"
"Standard","MAP_WHIRL_ISLANDS_B3F_HNS","","Day","Surf","43","46","30","VELUZA","30","WUGTRIO","30","PALAFIN_ZERO","10","ARCTOVISH"
"Standard","MAP_WHIRL_ISLANDS_DESCENT_HNS","","Day","Fishing","43","46","30","CORSOLA","30","POLIWHIRL","30","SEADRA","10","PELIPPER"
"Standard","MAP_WHIRL_ISLANDS_DESCENT_HNS","","Day","Land","43","46","30","DUSKULL","30","GOOMY","30","VANILLISH","10","BRELOOM"
"Standard","MAP_WHIRL_ISLANDS_DESCENT_HNS","","Day","Rock Smash","43","46","30","KLINK","30","TINKATUFF","30","GURDURR","10","KLANG"
"Standard","MAP_WHIRL_ISLANDS_DESCENT_HNS","","Day","Surf","43","46","30","CARVANHA","30","BARBOACH","30","CORPHISH","10","LAPRAS"
"Headbutt","MAP_ILEX_FOREST_HNS","Johto","any","headbutt_mons","24","27","30","Pineco","30","Nincada","30","Paras","10","Heracross"
"Headbutt","MAP_NATIONAL_PARK_BUG_CONTEST_HNS","Johto","any","headbutt_mons","26","29","30","Helioptile","30","Toedscool","30","Rufflet","10","Pumpkaboo"
"Headbutt","MAP_NATIONAL_PARK_NORMAL_HNS","Johto","any","headbutt_mons","26","29","30","Snom","30","Swablu","30","Foongus","10","Capsakid"
"Headbutt","MAP_VIRIDIAN_FOREST_HNS","Kanto","any","headbutt_mons","70","84","30","Scyther","30","Centiskorch","30","Kleavor","10","Vikavolt"
"Safari","MAP_SAFARI_ZONE_TOP_LEFT_HNS","Johto","any","safari_pool_a","37","40","30","Beedrill","30","Deerling (Spring Form)","30","Dustox","10","Wigglytuff"
"Safari","MAP_SAFARI_ZONE_TOP_LEFT_HNS","Johto","any","safari_pool_b","37","40","30","Beautifly","30","Butterfree","30","Ledyba","10","Yanma"
"Safari","MAP_SAFARI_ZONE_TOP_LEFT_HNS","Johto","any","safari_pool_c","37","40","30","Combee","30","Hoppip","30","Igglybuff","10","Tropius"
"Safari","MAP_SAFARI_ZONE_TOP_LEFT_HNS","Johto","any","safari_pool_d","37","40","30","Illumise","30","Karrablast","30","Mime Jr.","10","Volbeat"
"Safari","MAP_SAFARI_ZONE_TOP_LEFT_HNS","Johto","any","safari_pool_e","37","40","30","Burmy (Plant Cloak)","30","Kricketot","30","Shelmet","10","Maractus"
"Safari","MAP_SAFARI_ZONE_TOP_MID_HNS","Johto","any","safari_pool_a","38","41","30","Dedenne","30","Natu","30","Woobat","10","Girafarig"
"Safari","MAP_SAFARI_ZONE_TOP_MID_HNS","Johto","any","safari_pool_b","38","41","30","Fidough","30","Snubbull","30","Spritzee","10","Swirlix"
"Safari","MAP_SAFARI_ZONE_TOP_MID_HNS","Johto","any","safari_pool_c","38","41","30","Cleffa","30","Milcery","30","Togepi","10","Espurr"
"Safari","MAP_SAFARI_ZONE_TOP_MID_HNS","Johto","any","safari_pool_d","38","41","30","Drowzee","30","Munna","30","Spoink","10","Elgyem"
"Safari","MAP_SAFARI_ZONE_TOP_MID_HNS","Johto","any","safari_pool_e","38","41","30","Lillipup","30","Wooloo","30","Wynaut","10","Chingling"
"Safari","MAP_SAFARI_ZONE_LOW_MID_HNS","Johto","any","safari_pool_a","39","42","30","Chatot","30","Doduo","30","Farfetch'd","10","Stunfisk"
"Safari","MAP_SAFARI_ZONE_LOW_MID_HNS","Johto","any","safari_pool_b","39","42","30","Emolga","30","Furfrou (Natural Form)","30","Hoothoot","10","Komala"
"Safari","MAP_SAFARI_ZONE_LOW_MID_HNS","Johto","any","safari_pool_c","39","42","30","Castform","30","Kecleon","30","Zangoose","10","Stantler"
"Safari","MAP_SAFARI_ZONE_LOW_MID_HNS","Johto","any","safari_pool_d","39","42","30","Aipom","30","Lickitung","30","Spinda","10","Dunsparce"
"Safari","MAP_SAFARI_ZONE_LOW_MID_HNS","Johto","any","safari_pool_e","39","42","30","Glameow","30","Minccino","30","Skwovet","10","Buneary"
"Safari","MAP_SAFARI_ZONE_TOP_RIGHT_HNS","Johto","any","safari_pool_a","39","42","30","Clamperl","30","Pyukumuku","30","Qwilfish","10","Alomomola"
"Safari","MAP_SAFARI_ZONE_TOP_RIGHT_HNS","Johto","any","safari_pool_b","39","42","30","Ducklett","30","Panpour","30","Skiddo","10","Carnivine"
"Safari","MAP_SAFARI_ZONE_TOP_RIGHT_HNS","Johto","any","safari_pool_c","39","42","30","Chikorita","30","Pansage","30","Shroodle","10","Cacnea"
"Safari","MAP_SAFARI_ZONE_TOP_RIGHT_HNS","Johto","any","safari_pool_d","39","42","30","Gossifleur","30","Seedot","30","Sunkern","10","Cherubi"
"Safari","MAP_SAFARI_ZONE_TOP_RIGHT_HNS","Johto","any","safari_pool_e","39","42","30","Minun","30","Pachirisu","30","Plusle","10","Pincurchin"
"Safari","MAP_SAFARI_ZONE_LOW_LEFT_HNS","Johto","any","safari_pool_a","40","43","30","Lunatone","30","Nosepass","30","Solrock","10","Klawf"
"Safari","MAP_SAFARI_ZONE_LOW_LEFT_HNS","Johto","any","safari_pool_b","40","43","30","Bonsly","30","Klefki","30","Pansear","10","Orthworm"
"Safari","MAP_SAFARI_ZONE_LOW_LEFT_HNS","Johto","any","safari_pool_c","40","43","30","Flittle","30","Patrat","30","Skitty","10","Bronzor"
"Safari","MAP_SAFARI_ZONE_LOW_LEFT_HNS","Johto","any","safari_pool_d","40","43","30","Bidoof","30","Smeargle","30","Yungoos","10","Lechonk"
"Safari","MAP_SAFARI_ZONE_LOW_LEFT_HNS","Johto","any","safari_pool_e","40","43","30","Bunnelby","30","Happiny","30","Whismur","10","Zigzagoon"
"Safari","MAP_SAFARI_ZONE_LOW_RIGHT_HNS","Johto","any","safari_pool_a","41","44","30","Delibird","30","Frillish","30","Smoochum","10","Maschiff"
"Safari","MAP_SAFARI_ZONE_LOW_RIGHT_HNS","Johto","any","safari_pool_b","41","44","30","Bramblin","30","Nickit","30","Purrloin","10","Inkay"
"Safari","MAP_SAFARI_ZONE_LOW_RIGHT_HNS","Johto","any","safari_pool_c","41","44","30","Greavard","30","Poochyena","30","Yamask","10","Drifloon"
"Safari","MAP_SAFARI_ZONE_LOW_RIGHT_HNS","Johto","any","safari_pool_d","41","44","30","Pichu","30","Poipole","30","Stunky","10","Seviper"
"Safari","MAP_SAFARI_ZONE_LOW_RIGHT_HNS","Johto","any","safari_pool_e","41","44","30","Gulpin","30","Makuhita","30","Trubbish","10","Falinks"
"Safari","MAP_FUCHSIA_CITY_SAFARI_ZONE_BEACH_HNS","Kanto","any","safari_pool_a","68","72","30","Poliwrath","30","Primarina","30","Quaquaval","10","Swampert"
"Safari","MAP_FUCHSIA_CITY_SAFARI_ZONE_BEACH_HNS","Kanto","any","safari_pool_b","68","72","30","Greninja","30","Inteleon","30","Kingdra","10","Walking Wake"
"Safari","MAP_FUCHSIA_CITY_SAFARI_ZONE_BEACH_HNS","Kanto","any","safari_pool_c","68","72","30","Blastoise","30","Empoleon","30","Samurott","10","Feraligatr"
"Safari","MAP_FUCHSIA_CITY_SAFARI_ZONE_BEACH_HNS","Kanto","any","safari_pool_d","68","72","30","Charizard","30","Ludicolo","30","Politoed","10","Slither Wing"
"Safari","MAP_FUCHSIA_CITY_SAFARI_ZONE_BEACH_HNS","Kanto","any","safari_pool_e","68","72","30","Buzzwole","30","Iron Bundle","30","Pheromosa","10","Iron Valiant"
"Safari","MAP_FUCHSIA_CITY_SAFARI_ZONE_BEACH_HNS","Kanto","any","safari_pool_f","68","72","30","Clefable","30","Miltank","30","Stoutland","10","Slaking"
"Safari","MAP_FUCHSIA_CITY_SAFARI_ZONE_CAVE_HNS","Kanto","any","safari_pool_a","71","75","30","Iron Crown","30","Roaring Moon","30","Spiritomb","10","Iron Boulder"
"Safari","MAP_FUCHSIA_CITY_SAFARI_ZONE_CAVE_HNS","Kanto","any","safari_pool_b","71","75","30","Gengar","30","Nihilego","30","Obstagoon","10","Guzzlord"
"Safari","MAP_FUCHSIA_CITY_SAFARI_ZONE_CAVE_HNS","Kanto","any","safari_pool_c","71","75","30","Bellossom","30","Meganium","30","Shiftry","10","Iron Jugulis"
"Safari","MAP_FUCHSIA_CITY_SAFARI_ZONE_CAVE_HNS","Kanto","any","safari_pool_d","71","75","30","Alakazam","30","Celesteela","30","Sigilyph","10","Flutter Mane"
"Safari","MAP_FUCHSIA_CITY_SAFARI_ZONE_CAVE_HNS","Kanto","any","safari_pool_e","71","75","30","Exploud","30","Machamp","30","Mr. Rime","10","Crobat"
"Safari","MAP_FUCHSIA_CITY_SAFARI_ZONE_CAVE_HNS","Kanto","any","safari_pool_f","71","75","30","Ampharos","30","Durant","30","Raichu","10","Xurkitree"
"Safari","MAP_FUCHSIA_CITY_SAFARI_ZONE_MOUNTAIN_HNS","Kanto","any","safari_pool_a","72","76","30","Flygon","30","Iron Treads","30","Stakataka","10","Gouging Fire"
"Safari","MAP_FUCHSIA_CITY_SAFARI_ZONE_MOUNTAIN_HNS","Kanto","any","safari_pool_b","72","76","30","Great Tusk","30","Infernape","30","Sandy Shocks","10","Iron Thorns"
"Safari","MAP_FUCHSIA_CITY_SAFARI_ZONE_MOUNTAIN_HNS","Kanto","any","safari_pool_c","72","76","30","Blaziken","30","Carbink","30","Emboar","10","Raging Bolt"
"Safari","MAP_FUCHSIA_CITY_SAFARI_ZONE_MOUNTAIN_HNS","Kanto","any","safari_pool_d","72","76","30","Blacephalon","30","Durant","30","Typhlosion","10","Iron Moth"
"Safari","MAP_FUCHSIA_CITY_SAFARI_ZONE_MOUNTAIN_HNS","Kanto","any","safari_pool_e","72","76","30","Cinderace","30","Incineroar","30","Skeledirge","10","Delphox"
"Safari","MAP_FUCHSIA_CITY_SAFARI_ZONE_MOUNTAIN_HNS","Kanto","any","safari_pool_f","72","76","30","Druddigon","30","Heatmor","30","Pawmot","10","Iron Hands"
"Safari","MAP_FUCHSIA_CITY_SAFARI_ZONE_BRUSH_HNS","Kanto","any","safari_pool_a","69","73","30","Arboliva","30","Leavanny","30","Victreebel","10","Venusaur"
"Safari","MAP_FUCHSIA_CITY_SAFARI_ZONE_BRUSH_HNS","Kanto","any","safari_pool_b","69","73","30","Jumpluff","30","Orbeetle","30","Scolipede","10","Iron Leaves"
"Safari","MAP_FUCHSIA_CITY_SAFARI_ZONE_BRUSH_HNS","Kanto","any","safari_pool_c","69","73","30","Gardevoir","30","Kartana","30","Togekiss","10","Scream Tail"
"Safari","MAP_FUCHSIA_CITY_SAFARI_ZONE_BRUSH_HNS","Kanto","any","safari_pool_d","69","73","30","Meowscarada","30","Rillaboom","30","Sceptile","10","Brute Bonnet"
"Safari","MAP_FUCHSIA_CITY_SAFARI_ZONE_BRUSH_HNS","Kanto","any","safari_pool_e","69","73","30","Chesnaught","30","Serperior","30","Torterra","10","Decidueye"
